current_path,lines,action,new_path,note
lib/firebase_options.dart,68,keep,lib/firebase_options.dart,generated by the Firebase CLI
lib/fireplace_crypto.dart,9,keep,lib/fireplace_crypto.dart,barrel; keep its name so no test import changes; update its exports
lib/fireplace_services.dart,13,keep,lib/fireplace_services.dart,barrel; keep its name for now (tests import it); re-export model/ and db/
lib/main.dart,28,keep,lib/main.dart,
lib/src/app/providers.dart,393,split,lib/src/model/common/firebase_providers.dart + lib/src/model/common/session.dart + lib/src/model/chat/chat_sync.dart + lib/src/model/common/data_providers.dart,"wiring (auth, firestore, secret store) / AppSession and its provider / the chat-sync reconcile loop (real logic, becomes a ChatSyncCoordinator) / the small stream and future providers. Leave providers.dart as a barrel until all imports are moved"
lib/src/crypto/codec.dart,67,keep,lib/src/crypto/codec.dart,Protocol files stay whole and unchanged.
lib/src/crypto/device.dart,149,keep,lib/src/crypto/device.dart,Protocol files stay whole and unchanged.
lib/src/crypto/fingerprint.dart,37,keep,lib/src/crypto/fingerprint.dart,Protocol files stay whole and unchanged.
lib/src/crypto/identity.dart,108,keep,lib/src/crypto/identity.dart,Protocol files stay whole and unchanged.
lib/src/crypto/key_checks.dart,39,keep,lib/src/crypto/key_checks.dart,Protocol files stay whole and unchanged.
lib/src/crypto/link.dart,168,keep,lib/src/crypto/link.dart,Protocol files stay whole and unchanged.
lib/src/crypto/prekeys.dart,207,keep,lib/src/crypto/prekeys.dart,Protocol files stay whole and unchanged.
lib/src/crypto/recovery.dart,126,keep,lib/src/crypto/recovery.dart,Protocol files stay whole and unchanged.
lib/src/crypto/session.dart,967,keep,lib/src/crypto/session.dart,Protocol files stay whole and unchanged.
lib/src/services/account_service.dart,155,move,lib/src/model/account/account_service.dart,
lib/src/services/activity_service.dart,36,move,lib/src/model/account/activity_service.dart,
lib/src/services/auth_service.dart,182,move,lib/src/model/account/auth_service.dart,
lib/src/services/chat_service.dart,1234,split,lib/src/model/chat/chat_service.dart (facade) + chat_directory.dart + message_sender.dart + send_recovery.dart + message_receiver.dart + receive_journal.dart + session_store.dart + identity_alerts.dart + chat_summary.dart + chat_exceptions.dart + async_mutex.dart,see SPLIT-chat_service.md
lib/src/services/encrypted_message_store.dart,185,move,lib/src/db/encrypted_message_store.dart,
lib/src/services/key_service.dart,316,move,lib/src/model/keys/key_service.dart,
lib/src/services/local_chat_preferences.dart,247,move,lib/src/model/settings/local_chat_preferences.dart,
lib/src/services/local_messages.dart,120,move,lib/src/db/local_messages.dart,LocalMessage model + store interface; the model may move to domain/ later
lib/src/services/message_limits.dart,12,move,lib/src/model/chat/message_limits.dart,"pure rules, no dependencies"
lib/src/services/prekey_service.dart,287,move,lib/src/model/keys/prekey_service.dart,
lib/src/services/push_notification_service.dart,178,move,lib/src/model/push/push_notification_service.dart,
lib/src/services/recovery_service.dart,226,move,lib/src/model/keys/recovery_service.dart,
lib/src/services/safety_service.dart,121,move,lib/src/model/safety/safety_service.dart,
lib/src/services/secret_store.dart,41,move,lib/src/db/secret_store.dart,
lib/src/services/verify_payload.dart,21,move,lib/src/model/keys/verify_payload.dart,
lib/src/ui/account_deletion_screens.dart,222,move,lib/src/view/account/account_deletion_screens.dart,
lib/src/ui/app.dart,237,move,lib/src/app.dart,"FireplaceApp, startup and error screens; split the startup widgets into app/startup_screen.dart"
lib/src/ui/auth_screen.dart,305,move,lib/src/view/auth/auth_screen.dart,
lib/src/ui/chat_activity.dart,359,split,lib/src/model/notifications/chat_activity.dart (unread + arrivals state) + lib/src/model/search/message_search.dart (searchMessages) + lib/src/model/chat/chat_visibility.dart,three unrelated things in one file today
lib/src/ui/chat_appearance.dart,161,move,lib/src/view/settings/chat_appearance.dart,
lib/src/ui/chat_colors.dart,53,move,lib/src/styles/chat_colors.dart,
lib/src/ui/chat_details_screen.dart,129,move,lib/src/view/chat/chat_details_screen.dart,
lib/src/ui/chat_list_screen.dart,543,split,lib/src/view/chat_list/chat_list_screen.dart + start_chat_dialog.dart + widgets/chat_tile.dart,screen (about 250 lines) / the new-chat dialog / the list row
lib/src/ui/chat_screen.dart,1517,split,"lib/src/view/chat/chat_screen.dart + chat_app_bar.dart + message_timeline.dart + timeline_scroll.dart + route_visibility.dart + composer.dart + message_menu.dart + contact_actions.dart + identity_review.dart + widgets/ (banners, notes) ; lib/src/model/chat/send_controller.dart",see SPLIT-chat_screen.md
lib/src/ui/design_tokens.dart,130,move,lib/src/styles/design_tokens.dart,
lib/src/ui/devices_screen.dart,153,move,lib/src/view/devices/devices_screen.dart,
lib/src/ui/forward_message.dart,273,move,lib/src/view/chat/forward/forward_message.dart,
lib/src/ui/in_app_notice.dart,217,move,lib/src/view/notifications/in_app_notice.dart,
lib/src/ui/legal_links.dart,115,move,lib/src/view/settings/legal_links.dart,
lib/src/ui/lockup.dart,303,move,lib/src/styles/brand/lockup.dart,
lib/src/ui/lockup_data.dart,67,move,lib/src/styles/brand/lockup_data.dart,generated artwork data
lib/src/ui/logo.dart,165,move,lib/src/styles/brand/logo.dart,
lib/src/ui/message_actions.dart,123,move,lib/src/view/chat/message_actions.dart,
lib/src/ui/message_format.dart,173,split,lib/src/model/chat/message_markup.dart (pure tokenizer) + lib/src/view/chat/widgets/message_text_span.dart (TextSpan builder),the tokenizer is pure Dart (move to domain/); only the TextSpan builder needs Flutter
lib/src/ui/message_input_formatter.dart,63,move,lib/src/view/chat/composer/message_input_formatter.dart,
lib/src/ui/message_search.dart,169,move,lib/src/view/search/message_search_results.dart,the searchMessages function moves out of chat_activity.dart into features/search/message_search.dart
lib/src/ui/new_device_screen.dart,461,split,lib/src/view/devices/new_device_screen.dart + recovery_entry_screen.dart + link_wait_screen.dart,three screens in one file
lib/src/ui/pending_sends.dart,50,move,lib/src/model/chat/pending_sends.dart,
lib/src/ui/presentation.dart,620,split,"lib/src/widgets/{app_bar,dialog,page,status,avatar,settings_section}.dart + lib/src/view/chat/widgets/message_bubble.dart + day_separator.dart",10 shared widgets plus the message bubble and day separator
lib/src/ui/qr_scan_page.dart,40,move,lib/src/widgets/qr_scan_page.dart,shared by devices and verification
lib/src/ui/recovery_screens.dart,573,split,lib/src/view/recovery/recovery_key_screen.dart + lib/src/view/devices/link_new_device_screen.dart + lib/src/view/account/change_password_dialog.dart,three unrelated flows in one file
lib/src/ui/safety_ui.dart,564,split,lib/src/view/safety/requests_screen.dart + blocked_users_screen.dart + report_dialog.dart + confirm_block.dart,four flows in one file
lib/src/ui/settings_screen.dart,411,split,lib/src/view/settings/settings_screen.dart + push_tile.dart,the push tile is its own widget
lib/src/ui/theme.dart,187,move,lib/src/styles/theme.dart,
lib/src/ui/verify_screen.dart,251,move,lib/src/view/safety/verify_screen.dart,
